title,description,status,year,jurisdiction,source,datePromulgated,yearEnded,learnMore,learnMoreLanguage,dateModified,countries,states,technologies,tags,policyType
Energy Efficiency and Conservation Master Plan up to 2030,"<div>The Energy Efficiency and Conservation Master Plan is a supreme plan of Bangladesh’s initiative on energy efficiency and conservation, of which preparation requirement is stipulated in the Energy Efficiency and Conservation Rules (2014). The Plan declares Bangladesh's unyielding commitment for EE&amp;C implementation</div><div> </div><div>This master plan is developed along 7 policy axes</div><div> </div><ol><li>Energy Management Program for large industrial energy consumers</li><li>Energy Efficiency labelling program for residential consumers based on the following sub steps:</li></ol><ul><li>Label certification / Laboratory accreditation system</li><li>Standardization of EE measurement method and Star Label</li><li>Rating criteria  Star Label Standardization (Unification)</li><li>Participation of manufactures, importers and retail shops (mandatory/voluntary)</li><li>MEPS (Minimum Energy Performance Standard)</li></ul><ol><li>Energy efficiency building program based on the Bangladesh National Building Code (BNBC)</li><li>Energy efficiency &amp; conservation finance program for private companies</li><li>Government own initiatives (Green Purchase Program for Eco-friendly public procurement and obtaining some ISO certifications)</li><li>Energy Consumption Data Collection (by fuel, sector, and energy intensity data)</li><li>Global Warming Countermeasures including the Formulation and quantification of national carbon market; a Carbon abatement project as capacity development; and  Awareness raising.</li></ol><div> </div>",In force,2015,National,International Energy Agency,2015-03-01,2030,http://sreda.gov.bd/files/EEC_Master_Plan_SREDA.pd,English,1741602074342,"[{""iso3"":""BGD"",""name"":""Bangladesh""}]",[],"[""Industry sector-specific processes and technologies""]",[],"[{""topic"":""Industry"",""family"":""Framework legislation"",""name"":""Strategic plans"",""category"":null},{""topic"":""Power"",""family"":""Performance-based policies"",""name"":""Facility or company emissions standards"",""category"":null},{""topic"":""Industry"",""family"":""Incentives and investments"",""name"":""Government spending for energy efficiency and recycling"",""category"":null}]"
(Saskatchewan) Oil and Gas Emissions Management Regulations,"<div>Sets mandatory methane emission reductions of 4.5 million tonnes CO2e annually by 2025 (this absolute number is in line with the percentage reduction target set out in the Prairie Resilience: A Made-in-Saskatchewan Climate Change Strategy). Focuses on upstream facilities.</div><div> </div><div>As noted in the provincial methane action plan, the requirements are “results-based at the company level, not prescribed on individual facilities or pieces of equipment.” They apply to all companies whose emit at least 50,000 tonnes of CO2e per year. (Part 1 Art 3) </div><div> </div><div>Covered companies must “accurately measure and report” associated gas volumes at oil facilities, in tonnes CO2e. (Art. 6) The rule includes formulae for calculating emissions. (Art. 7)</div><div> </div><div>Every year, the regulator calculates an emissions limit for each company (Art. 8). If a company calculates that they have emitted in excess of that limit (Art. 9), they must pay a penalty for each tonne emitted in excess (Art. 10).</div><div> </div><div>Each company must also submit a methane emissions reduction plan, by 1 September 2019 or within 60 days of doing business in the province. (Art. 11) The Minister reviews each plan and approves it or requires changes, or a new plan. (Art. 12) Once an approved plan is in place, the company must comply with its plan. (Art. 13) Companies can offset their emissions with “qualifying conservation project” credits. (Part V, Art. 14)</div><div> </div><div>The Minister may audit emissions reports from companies (Art. 15) within three years (Art. 17), and assess administrative penalties for corrections that need to be made to the registry. (Art. 16) </div>",In force,2019,State/Provincial,International Energy Agency,2019-01-01,,https://www.saskatchewan.ca/business/agriculture-natural-resources-and-industry/oil-and-gas/environmental-protection/oil-and-gas-emissions-management,English,1711629331760,"[{""iso3"":""CAN"",""name"":""Canada""}]","[{""country"":""CA"",""code"":""SK"",""name"":""Saskatchewan""}]",[],"[""Methane tracker""]","[{""topic"":""Industry"",""family"":""Market pull"",""name"":""Carbon pricing instruments"",""category"":""Emission Trading System (ETS)""},{""topic"":""Power"",""family"":""Market pull"",""name"":""Carbon pricing instruments"",""category"":""Emission Trading System (ETS)""},{""topic"":""Methane abatement"",""family"":""Performance-based policies"",""name"":""Facility or company emissions standards"",""category"":""Oil and natural gas extraction""},{""topic"":""Methane abatement"",""family"":""Information-based policies"",""name"":""Emissions estimates and quantification"",""category"":""Oil and natural gas extraction""},{""topic"":""Methane abatement"",""family"":""Economic policies"",""name"":""Emissions trading schemes and certified reduction credits"",""category"":""Oil and natural gas extraction""}]"
SE 154/93 on the provisions of the Environmental Management Manual of Conventional Thermal Power Plants,"<div>Resolution SE 154/93 defines requirements for any power generation company to comply with air pollutant limits, notably: </div><ul><li>For oil boiler: SO2 are to be less than or equat to 1,700 mg/Nm3 and PM at 140 mg/Nm3; </li><li>For gas boiler: PM emissions must be less than or equal to 6 mg/Nm3;</li><li>For coal boiler: SO2 emission values ​​must be less than or equal to 1,700 mg/Nm3 and PM at 120 mg/Nm3.<br>Companies have the requirement to install continuous detectors for SO2, NOx and PM concentrations, with the exception of units with a capacity lower than 50 MW, for which measurements can be carried out every month. </li></ul>",In force,1993,National,International Energy Agency,1993-05-27,,https://www.argentina.gob.ar/economia/energia/energia-electrica/estadisticas/se-15493,,1719302027097,"[{""iso3"":""ARG"",""name"":""Argentina""}]",[],[],[],"[{""topic"":""Power"",""family"":""Performance-based policies"",""name"":""Facility or company emissions standards"",""category"":null}]"
Directive 2010/75/EU on industrial emissions - power generation installations limits,"<div>The Industrial Emissions Directive aims to achieve a high level of protection of human health and the environment taken as a whole by reducing harmful industrial emissions across the EU. The Directive regulates over 50,000 of the EU's largest industrial installations, including energy industries, production and processing of metals, minerals and chemicals and waste management (Annex I). These installations must operate in accordance with a permit with conditions that are aligned with the principles and provisions of the Directive.<br><br>Emission limit values for combustion plants for which permit was granted before January 2013 range from: </div><ul><li><strong>Coal, lignite and solid fuels</strong>: SO2 to be limited to 200-400 mg/Nm3 // NOx to 200-450 mg/Nm3</li><li><strong>Biomass</strong>: SO2 to be limited to 200 mg/Nm3 //  NOx to 200-300 mg/Nm3</li><li><strong>Peat</strong>: SO2 to be limited to 200-300 mg/Nm3 //  NOx to 200-300 mg/Nm3</li><li><strong>Liquid fuels</strong>: SO2 to be limited to 200-350 mg/Nm3 //  NOx to 150-450 mg/Nm3</li><li><strong>Gaseaous fuels</strong>: SO2 to be limited to 35 mg/Nm3 (with the exception of gas turbines and gas engines) //  NOx to 100-200 mg/Nm3 // CO to 100 mg/Nm3. </li></ul><div>For the remaining plants, emission limit values range from: </div><ul><li><strong>Coal, lignite and solid fuels</strong>: SO2 to be limited to 150-400 mg/Nm3 // NOx to 200-450 mg/Nm3</li><li><strong>Biomass</strong>: SO2 to be limited to 150-200 mg/Nm3 //  NOx to 150-250 mg/Nm3</li><li><strong>Peat</strong>: SO2 to be limited to 150-300 mg/Nm3 //  NOx to 150-250 mg/Nm3</li><li><strong>Liquid fuels</strong>: SO2 to be limited to 150-350 mg/Nm3 //  NOx to 100-300 mg/Nm3</li><li><strong>Gaseaous fuels</strong>: SO2 to be limited to 35 mg/Nm3 (with the exception of gas turbines and gas engines) //  NOx to 50-100 mg/Nm3 // CO to 100 mg/Nm3. </li></ul><div><br></div><div>The directive was amended in 2022 to provide tighter pollutant emission limit values and extend the scope of industrial facilities. </div>",In force,2010,International,International Energy Agency,2010-11-24,,https://eur-lex.europa.eu/legal-content/EN/TXT/?uri=CELEX%3A02010L0075-20110106,,1719323415136,"[{""iso3"":""HUN"",""name"":""Hungary""},{""iso3"":""IRL"",""name"":""Ireland""},{""iso3"":""ITA"",""name"":""Italy""},{""iso3"":""LUX"",""name"":""Luxembourg""},{""iso3"":""ISL"",""name"":""Iceland""},{""iso3"":""AUT"",""name"":""Austria""},{""iso3"":""NLD"",""name"":""Netherlands""},{""iso3"":""NOR"",""name"":""Norway""},{""iso3"":""POL"",""name"":""Poland""},{""iso3"":""PRT"",""name"":""Portugal""},{""iso3"":""SVK"",""name"":""Slovak Republic""},{""iso3"":""ESP"",""name"":""Spain""},{""iso3"":""BEL"",""name"":""Belgium""},{""iso3"":""SWE"",""name"":""Sweden""},{""iso3"":""LIE"",""name"":""Liechtenstein""},{""iso3"":""LTU"",""name"":""Lithuania""},{""iso3"":""LVA"",""name"":""Latvia""},{""iso3"":""MLT"",""name"":""Malta""},{""iso3"":""ROU"",""name"":""Romania""},{""iso3"":""SVN"",""name"":""Slovenia""},{""iso3"":""BGR"",""name"":""Bulgaria""},{""iso3"":""HRV"",""name"":""Croatia""},{""iso3"":""CYP"",""name"":""Cyprus""},{""iso3"":""CZE"",""name"":""Czech Republic""},{""iso3"":""DNK"",""name"":""Denmark""},{""iso3"":""EST"",""name"":""Estonia""},{""iso3"":""FIN"",""name"":""Finland""},{""iso3"":""FRA"",""name"":""France""},{""iso3"":""DEU"",""name"":""Germany""},{""iso3"":""GRC"",""name"":""Greece""},{""iso3"":""EUR"",""name"":""European Union""}]",[],[],[],"[{""topic"":""Power"",""family"":""Performance-based policies"",""name"":""Facility or company emissions standards"",""category"":null}]"
Decree 13 establishing emission standards for thermoelectric plants,<div>This decree aims at providing norms and limits on air pollutants for power generation installations. <br>The maximum emission limits for existing installations were: </div><ul><li>Solid fuels: SO2 to 400 mg/Nm3 // NOx to 500 mg/Nm3 // PM to 50 mg/Nm3. </li><li>Liquid fuels: SO2 to 30 mg/Nm3 // NOx to 200 mg/Nm3 // PM to 30 mg/Nm3.</li><li>Gas: NOx to 50 mg/Nm3. </li></ul><div>The maximum emission limits for new installations are: </div><ul><li>Solid fuels: SO2 to 200 mg/Nm3 // NOx to 200 mg/Nm3 // PM to 30 mg/Nm3. </li><li>Liquid fuels: SO2 to 10 mg/Nm3 // NOx to 120 mg/Nm3 // PM to 30 mg/Nm3.</li><li>Gas: NOx to 50 mg/Nm3. </li></ul><div>Emissions for mercury for existing and new emission sources that use coal or petcoke are limited to 0.1 mg/Nm3. </div>,In force,2011,National,International Energy Agency,2011-01-18,,https://www.bcn.cl/leychile/navegar?idNorma=1026808,,1719311008883,"[{""iso3"":""CHL"",""name"":""Chile""}]",[],[],[],"[{""topic"":""Power"",""family"":""Performance-based policies"",""name"":""Facility or company emissions standards"",""category"":null}]"
Ultra-Low Emission and Energy-Saving Transformation Work Plan for Coal-Fired Power Plants,"<div>The Action Plan for Energy Conservation and Emission Reduction of Coal-fired Power aoùs at promoting the implmentation of ""ultra-low emissions"" coal power plants, with air pollutant limits for new installations to be complying with the following norms: </div><ul><li>SO2: 35 mg/m3</li><li>NOx: 50 mg/m3</li><li>PM: 10 mg/m3</li><li>Hg: 30 mg/m3</li></ul><div>From 2020 onwards,  all coal-fired power plants in the country that are eligible for retrofitting shall strive to achieve the emissions limits implemented for new installations. </div>",In force,2015,National,International Energy Agency,2015-01-01,,https://www.mee.gov.cn/gkml/hbb/bwj/201512/W020151215366215476108.pdf,,1719312300859,"[{""iso3"":""CHN"",""name"":""People's Republic of China""}]",[],[],[],"[{""topic"":""Power"",""family"":""Performance-based policies"",""name"":""Facility or company emissions standards"",""category"":null}]"
Resolution 909/2008 establishing the norms and standards for permissible emissions of pollutants into the air,"<div>This regulation sets standards for air pollutants of industrial installation, including power generation. <br><br>The standards are as follow: </div><ul><li>SO2: 550 mg/m3 for existing installations // 500  mg/m3 for new installations</li><li>NOx: 550 mg/m3 for existing installations // 500  mg/m3 for new installations</li><li>PM: 250 mg/m3 for existing installations // 150  mg/m3 for new installations</li></ul><div>The regulation also includes norms for F gases (HF, HCI, HCT). </div>",In force,2008,National,International Energy Agency,2008-06-05,,https://www.minambiente.gov.co/wp-content/uploads/2021/08/resolucion-909-de-2008.pdf,,1719314997171,"[{""iso3"":""COL"",""name"":""Colombia""}]",[],[],[],"[{""topic"":""Power"",""family"":""Performance-based policies"",""name"":""Facility or company emissions standards"",""category"":null}]"
Executive Regulation N°165 For Air Quality,"<div>The regulation aims at implementing the air quality rules, standards, requirements and controls set in the 2020 Environment Law. It notably sets standards for air pollutnats by industrial activities, including combustion facilities.<br>Installations built before September 2005 follow the below standards: </div><ul><li>SO2: 340 ng/J</li><li>NOx: 86 ng/J (gas fired) // 130 ng/J (oil fired)</li><li>PM: 13 ng/J</li></ul><div>Installations set after September 2005 follow the below standards: </div><ul><li>SO2: 340 ng/J</li><li>NOx: 43 ng/J (gas fired) // 69 ng/J (oil fired)</li><li>PM: 13 ng/J</li></ul><div>The above estimates relate to electric utility steam generating units operated on fossil fuel with more than 250 MBTU/h (73 MW) electrical output, but the regulation set granular differences between industrial installations. </div>",In force,2021,National,International Energy Agency,2021-06-09,,https://www.mewa.gov.sa/en/InformationCenter/DocsCenter/RulesLibrary/Docs/Executive%20Regulations%20for%20Air%20Quality.pdf,,1719317431950,"[{""iso3"":""SAU"",""name"":""Saudi Arabia""}]",[],[],[],"[{""topic"":""Power"",""family"":""Performance-based policies"",""name"":""Facility or company emissions standards"",""category"":null}]"
Norm NS 05-062 on air pollution,"<div>The aim of this regulation is set norms and standards with regards to air pollution. <br>Standards for existing and new stationary installations varies with the fuel used and the generation capacity, and are displayed as follow: </div><ul><li>SO2: 2000 mg/nm3</li><li>NOx: 165-300 mg/nm3</li><li>CO: 450-650 mg/nm3</li><li>Dust: 50 mg/nm3</li></ul>",In force,2003,National,International Energy Agency,2003-10-28,,https://faolex.fao.org/docs/pdf/sen54266.pdf,,1719318217111,"[{""iso3"":""SEN"",""name"":""Senegal""}]",[],[],[],"[{""topic"":""Power"",""family"":""Performance-based policies"",""name"":""Facility or company emissions standards"",""category"":null}]"
Standards B.E. 2566 for controlling air emissions from power plants,"<div>Thailand updated its air pollutant emissions standards in 2023, with applicable norms depending on the age of the installation and its fuel.<br><br>Air emission standards for new power plants are as follows: </div><ul><li>Coal: SO2 limit to 260 mg / m3 // NOx to 180 mg / m3 // PM to 50 mg / m3 // Hg to 0.03 mg / m3</li><li>Gasoline:  SO2 limit to 50 mg / m3 // NOx to 130 mg / m3 // PM to 30 mg / m3 </li><li>Natural gas:  SO2 limit to 15 mg / m3 // NOx to 80 mg / m3 // PM to 20 mg / m3 </li><li>Biomass:  SO2 limit to 30 mg / m3 // NOx to 200 mg / m3 // PM to 90 mg / m3 </li><li>Biogas:  SO2 limit to 30 mg / m3 // NOx to 200 mg / m3 // PM to 30 mg / m3 </li></ul><div><br>For power plants licensed to operate before 1996, limits for SO2 are 60-320 mg / m3 // NOx to 200-500 mg / m3 // PM to 120-180 mg / m3<br>For power plants licensed to operate between 1996 and 2010, limits for SO2 are 20-640 mg / m3 // NOx to 120-350 mg / m3 // PM to 60-120 mg / m3<br>For power plants licensed to operate between 2010 and 2023, limits for SO2 are 20-360 mg / m3 // NOx to 120-200 mg / m3 // PM to 60-120 mg / m3<br><br></div>",In force,2023,National,International Energy Agency,2023-10-16,,https://enviliance.com/regions/southeast-asia/th/report_11012,,1719319414980,"[{""iso3"":""THA"",""name"":""Thailand""}]",[],[],[],"[{""topic"":""Power"",""family"":""Performance-based policies"",""name"":""Facility or company emissions standards"",""category"":null}]"
Regulation on Control of Industrial Air Pollution,"<div>The regulation aims at setting controls and standards for air pollutants from industrial installations. <br><br>For thermal power plants with a generation capacity below 100 MW, the following limits apply: </div><ul><li> Gas:  100 mg/nm3 for SO2 // 100 mg/nm3 for CO // 800 mg/nm3 for NOx // 10 mg/nm3 for dust</li><li>Coal:  200 mg/nm3 for SO2 // 100 mg/nm3 for CO // 100 mg/nm3 for dust</li><li>Biogas: 800 mg/nm3 for SO2 // 100 mg/nm3 for CO // 100 mg/nm3 for dust  </li></ul><div>For thermal power plants with a generation capacity above 100 MW, the following limits apply: </div><ul><li> Gas:  60 mg/nm3 for SO2 // 100 mg/nm3 for CO // 500 mg/nm3 for NOx // 10 mg/nm3 for dust</li><li>Coal:  60 mg/nm3 for SO2 // 100 mg/nm3 for CO // 500 mg/nm3 for NOx // 10 mg/nm3 for dust</li><li>Biogas: 800 mg/nm3 for SO2 // 100 mg/nm3 for CO // 500 mg/nm3 for NOx // 10 mg/nm3 for dust  </li></ul>",In force,2009,National,International Energy Agency,2009-07-03,,https://www.mevzuat.gov.tr/mevzuat?MevzuatNo=13184&MevzuatTur=7&MevzuatTertip=5,,1719320833018,"[{""iso3"":""TUR"",""name"":""Republic of Turkiye""}]",[],[],[],"[{""topic"":""Power"",""family"":""Performance-based policies"",""name"":""Facility or company emissions standards"",""category"":null}]"
Order No. 796-r implementing the national plan for emission reduction from big combustion plants,<div>The National Plan for Emission Reduction from big combustion plants sets a pathway for a gradual reduction in air pollutants from industrial installations. <br>The total emission limits for all plants included in the National Plan are: </div><ul><li> 1 017 kt SO2 in 2018 to  51 kt SO2 in 2033; </li><li> 191 kt NOx in 2018 to  54  kt NOx in 2033;</li><li> 206 kt NOx in 2018 to  5.1 kt NOx  in 2033. </li></ul><div>The plan sets for each of the 90 plants annual reduction objectives towards 2033. </div>,In force,2018,National,International Energy Agency,2017-11-08,2033,https://zakon.rada.gov.ua/laws/show/796-2017-%D1%80/conv#Text,,1719322638048,"[{""iso3"":""UKR"",""name"":""Ukraine""}]",[],[],[],"[{""topic"":""Power"",""family"":""Performance-based policies"",""name"":""Facility or company emissions standards"",""category"":null}]"
Multi-Sector Air Pollutants Regulations (SOR /2016-151),<div>The Multi-Sector Air Pollutants Regulations aims at setting performance standards over air pollutants for industrial facilities. <br><br><br></div>,In force,2014,National,International Energy Agency,2014-06-07,,https://laws-lois.justice.gc.ca/eng/regulations/SOR-2016-151/index.html,,1744111864354,"[{""iso3"":""CAN"",""name"":""Canada""}]",[],[],[],"[{""topic"":""Power"",""family"":""Performance-based policies"",""name"":""Facility or company emissions standards"",""category"":null}]"
Regulation on Emission of Atmospheric Pollutants from Indirect Type Boilers and Furnaces,"<div>The regulation aims at setting standards and controls for air pollutants released by industrial, commercial and service activities. <br><br>Emission limits are set for SO2, NOx and PST, depending on the fuel use for the combustion. </div>",Ended,2012,National,International Energy Agency,2012-01-21,,http://www.pgrweb.go.cr/scij/Busqueda/Normativa/Normas/nrm_texto_completo.aspx?nValor1=1&nValor2=70715,,1740068065785,"[{""iso3"":""CRI"",""name"":""Costa Rica""}]",[],[],[],"[{""topic"":""Power"",""family"":""Performance-based policies"",""name"":""Facility or company emissions standards"",""category"":null}]"
Notification No. S.O. 3305 on Thermal Power Plants Standards,<div>The regulation aims at limiting air pollutants steming from thermal power plants. <br>Standards for coal based power plant's units installed before December 2003 are as follow: SO2: 200-600 mg/nm3 // NOx: 600 mg/nm3 // PM: 100 mg/nm3 // Hg: 0.03 mg/nm3. <br>Standards for coal based power plant's units installed between January 2004 and December 2016 are as follow: SO2: 200-600 mg/nm3 // NOx: 300 mg/nm3 // PM: 50 mg/nm3 // Hg: 0.03 mg/nm3. <br>Standards for coal based power plant's units installed from January 2017 onwards are as follow: SO2: 100 mg/nm3 // NOx: 100 mg/nm3 // PM: 30 mg/nm3 // Hg: 0.03 mg/nm3. </div>,In force,2015,National,International Energy Agency,2015-12-07,,https://moef.gov.in/wp-content/uploads/2017/08/Thermal_plant_gazette_scan.pdf,,1719330205013,"[{""iso3"":""IND"",""name"":""India""}]",[],[],[],"[{""topic"":""Power"",""family"":""Performance-based policies"",""name"":""Facility or company emissions standards"",""category"":null}]"
Permenlhk n°15/2019 on air quality standards for thermal power plants ,"<div>The regulation aims at setting rules, standards and controls for air pollutants from power generation installations. <br><br>Standards for thermal power plants built before the application of the regulation are as follow: </div><ul><li>Coal: SO2 to 550 mg/nm3 // NOx to 550 mg/nm3 // PM to 100  mg/nm3 // Hg to 0.03 mg/nm3.</li><li>Diesel: SO2 to 650 mg/nm3 // NOx to 450 mg/nm3 // PM to 75  mg/nm3. </li><li>Gas: SO2 to 50 mg/nm3 // NOx to 320 mg/nm3 // PM to 30  mg/nm3. </li></ul><div>Standards for thermal power plants built after the application of the regulation are as follow: </div><ul><li>Coal: SO2 to 200 mg/nm3 // NOx to 200 mg/nm3 // PM to 50  mg/nm3 // Hg to 0.03 mg/nm3.</li><li>Diesel: SO2 to 200 mg/nm3 // NOx to 250 mg/nm3 // PM to  30 mg/nm3. </li><li>Gas: SO2 to 25 mg/nm3 // NOx to 100 mg/nm3 // PM to 10 mg/nm3. </li></ul>",In force,2019,National,International Energy Agency,2019-07-19,,https://allin.or.id/permenlhk-no15-2019-baku-mutu-emisi-pembangkit-listrik-termal/,,1719331033480,"[{""iso3"":""IDN"",""name"":""Indonesia""}]",[],[],[],"[{""topic"":""Power"",""family"":""Performance-based policies"",""name"":""Facility or company emissions standards"",""category"":null}]"
Regulatory Measures against Air Pollutants Emitted from Factories and Business Sites,"<div>The regulation aims at limiting and controling air pollutants from industrial facilities and businesses. <br><br>Standards are set for NOx, SO2 and dust across fossil-fuel based boilers, furnaces and engines. </div>",In force,1998,National,International Energy Agency,1998-11-10,,https://www.env.go.jp/en/air/aq/air/air4_table.html,,1719332777369,"[{""iso3"":""JPN"",""name"":""Japan""}]",[],[],[],"[{""topic"":""Power"",""family"":""Performance-based policies"",""name"":""Facility or company emissions standards"",""category"":null}]"
Enforcement Rules of the Air Quality Conservation Act,"<div>The Enforcement Rules of the Air Quality Conservation Act aims at implementing the limits, standards and control of air pollutants in Korea. <br>The rules are regularly ammended, and as of 2024, air pollution controls are set over eleven air pollutants, including NOx, SO2 and PM.</div>",In force,1991,National,International Energy Agency,1991-02-02,,https://www.law.go.kr/%EB%B2%95%EB%A0%B9/%EB%8C%80%EA%B8%B0%ED%99%98%EA%B2%BD%EB%B3%B4%EC%A0%84%EB%B2%95%EC%8B%9C%ED%96%89%EA%B7%9C%EC%B9%99,,1719346068404,"[{""iso3"":""KOR"",""name"":""Korea""}]",[],[],[],"[{""topic"":""Power"",""family"":""Performance-based policies"",""name"":""Facility or company emissions standards"",""category"":null}]"
2023 Emission Standards for Power Generation Units,"<div>Singapore's Energy Market Authority enacted in 2023 its ""Final Determination on Emission Standards Framework for New and Repowered Fossil Fuel-fired Generation Units"", in order to facilitate the deployment of clean and efficient power generation units in Singapore. <br>All new and repowered fossil fuel-fired plants should meet the Tier 1 emission standard of 0.355 tCO2e/MWh on an annual basis.  Plants that are unable to meet Tier 1 standard can opt to be subject to an emissions limit under Tier 2, for which  emissions allowance limit that is equivalent to a Tier 1 advanced CCGT but running at a  Plant Load Factor of 50% on an annual basis. </div>",In force,2024,National,International Energy Agency,2023-10-26,,https://www.ema.gov.sg/partnerships/consultations/2023/emission-standards-for-power-generation-units,,1719347024716,"[{""iso3"":""SGP"",""name"":""Singapore""}]",[],[],[],"[{""topic"":""Power"",""family"":""Performance-based policies"",""name"":""Facility or company emissions standards"",""category"":null}]"
Environmental Protection and Management (Air Impurities) Regulations,"<div>The regulations aim at setting limits and controls over air pollutants in Singapore. <br>Standards are listed for 24 pollutants, including CO (250 mg/Nm3) and SO2 (1,700 mg/Nm3). </div>",In force,2001,National,International Energy Agency,2001-01-01,,https://sso.agc.gov.sg/SL/EPMA1999-RG8?ProvIds=Sc-#Sc-,,1719347351790,"[{""iso3"":""SGP"",""name"":""Singapore""}]",[],[],[],"[{""topic"":""Power"",""family"":""Performance-based policies"",""name"":""Facility or company emissions standards"",""category"":null}]"
Air Quality Act,<div>The act aims at setting limits and controls over air pollutants of industrial installations in South Africa. <br><br>The standards for newly built combustion installations are as follow: </div><ul><li>Solid fuels: SO2 to 500 mg/nm3 // NOx to 750 mg/nm3 // PM to 50 mg/nm3</li><li>Liquid fuels: SO2 to 500 mg/nm3 // NOx to 250 mg/nm3 // PM to 50 mg/nm3</li><li>Biomass: SO2 to 500 mg/nm3 // NOx to 750 mg/nm3 // PM to 50 mg/nm3</li><li>Gas: SO2 to 400 mg/nm3 // NOx to 50 mg/nm3 // PM to 10 mg/nm3</li></ul><div><br>The standards for existing combustion installations are as follow: </div><ul><li>Solid fuels: SO2 to 3 500 mg/nm3 // NOx to 1 100 mg/nm3 // PM to 100 mg/nm3</li><li>Liquid fuels: SO2 to 3 500 mg/nm3 // NOx to 1 100 mg/nm3 // PM to 75 mg/nm3</li><li>Biomass: SO2 to 3 500 mg/nm3 // NOx to 1 100 mg/nm3 // PM to 100 mg/nm3</li><li>Gas: SO2 to 500 mg/nm3 // NOx to 300 mg/nm3 // PM to 10 mg/nm3</li></ul><div><br></div>,In force,2004,National,International Energy Agency,2005-02-24,,https://www.dffe.gov.za/sites/default/files/legislations/nema_amendment_act39.pdf,,1719348288031,"[{""iso3"":""ZAF"",""name"":""South Africa""}]",[],[],[],"[{""topic"":""Power"",""family"":""Performance-based policies"",""name"":""Facility or company emissions standards"",""category"":null}]"
"New Source Performance Standards: Greenhouse Gas Emissions from New, Modified, and Reconstructed Fossil Fuel-Fired Electric Generating Units","<div>The US EPA announced in April 2024 updated pollution standards for existing coal-fired and new gas-fired power plants. <br><br>Guidelines for gas-fired power plants set two gradual phases, aiming at a large implementation of carbon capture and storage by 2032. <br><br>Standards and guidelines for new coal-fired power plants on their end set new base load combustion turbines to have until January 1st, 2032 to meet an emission standard based on 90% capture of CO2 emissions. Existing power plants that have committed to cease operations by January 1st, 2039 will have a numeric emission rate limit based on 40% natural gas co-firing that must be met on January 1st, 2030, while those intending to run after 2039 would have to meet a numeric emission rate limit based on application of CCS with 90% capture by 2032.</div>",In force,2024,National,International Energy Agency,2024-04-25,,https://www.epa.gov/stationary-sources-air-pollution/greenhouse-gas-standards-and-guidelines-fossil-fuel-fired-power,,1719350511872,"[{""iso3"":""USA"",""name"":""United States""}]",[],[],[],"[{""topic"":""Power"",""family"":""Performance-based policies"",""name"":""Facility or company emissions standards"",""category"":null}]"
Emissions Performance Standard Regulations,<div>The Emissions Performance Standard Regulations aim at limiting carbon dioxide emissions from new fossil fuel power stations. The Emissions Limit Duty has been set at a level equivalent to emissions of 450gCO2/kWh if the plant is operating at baseload.</div>,In force,2015,National,International Energy Agency,2015-03-24,,https://www.legislation.gov.uk/uksi/2015/933/contents/made,,1726497577637,"[{""iso3"":""GBR"",""name"":""United Kingdom""}]",[],[],[],"[{""topic"":""Power"",""family"":""Performance-based policies"",""name"":""Facility or company emissions standards"",""category"":null}]"
Regulation on Emission of Atmospheric Pollutants from Indirect Type Boilers and Furnaces,"<div>The regulation aims at setting standards and controls for air pollutants released by industrial, commercial and service activities. <br><br>Emission limits are set for SO2, NOx, HCl, HF, CO, and PST, depending on the fuel use for the combustion. </div>",In force,2022,National,International Energy Agency,2022-04-18,,http://www.pgrweb.go.cr/scij/Busqueda/Normativa/Normas/nrm_texto_completo.aspx?nValor1=1&nValor2=96890&nValor3=130030#ddown,,1750778194554,"[{""iso3"":""CRI"",""name"":""Costa Rica""}]",[],[],[],"[{""topic"":""Power"",""family"":""Performance-based policies"",""name"":""Facility or company emissions standards"",""category"":null}]"
Law 4/1994 promulgating the environment law,"<div>The Law sets the regulatory framework for environment protection in Egypt. <br>It notably includes maximum limits of gas and air pollutants from industrial facilities, including carbon monoxide (250  mg/m3 for new facilities). </div>",In force,1994,National,International Energy Agency,1994-01-27,,https://www.gafi.gov.eg/English/StartaBusiness/Laws-and-Regulations/PublishingImages/Pages/BusinessLaws/enviromental.pdf,,1750778199845,"[{""iso3"":""EGY"",""name"":""Egypt""}]",[],[],[],"[{""topic"":""Power"",""family"":""Performance-based policies"",""name"":""Facility or company emissions standards"",""category"":null}]"
Decree n°18/2004 - Regulation to establish environmental quality and emission standards,"<div>This decree provides air pollutants limits for industrial facilities for SOx and NOx. <br>It also includes limits for vehicles with air pollutant standards for passenger cars, diesel vans, diesel trucks and two-wheelers.</div>",In force,2004,National,International Energy Agency,2004-06-02,,https://ampeid.org/documents/mozambique/decree-no-18-2004-approving-the-regulation-on-environmental-quality-and-effluents%E2%80%99-emissions/,,1757061055733,"[{""iso3"":""MOZ"",""name"":""Mozambique""}]",[],[],[],"[{""topic"":""Power"",""family"":""Performance-based policies"",""name"":""Facility or company emissions standards"",""category"":null},{""topic"":""Transport"",""family"":""Incentives and investments"",""name"":""Government spending for low-emissions and efficient transport"",""category"":""Medium/Heavy-duty vehicles""},{""topic"":""Transport"",""family"":""Incentives and investments"",""name"":""Government spending for low-emissions and efficient transport"",""category"":""Light-duty vehicles""}]"
Emission standards for Power Generation Units,"<div>All fossil new and fuel-fired plants should meet the Tier 1 emission standard, which is meeting emissions intensity limit of 0.355 tCO2e/MWh.  Plants that are unable to meet Tier 1 standard can opt to be subject to an emissions limit under Tier 2 - emissions allowance limit (MtCO2e cap) that is equivalent to a Tier 1 advanced CCGT but running at a PLF of 50% on an annual basis. Separately, all new and repowered plants need to be at least 30% volume hydrogen-ready with the ability to be retrofitted to become operationally 100% hydrogen-ready in the future to the extent possible.  </div>",In force,2023,National,International Energy Agency,2023-10-26,,https://www.ema.gov.sg/content/dam/corporate/partnerships/consultations/emissions-standards-for-power-generation-units/decision/EMA-Consultations-Final-Determination-Emission-Standards-for-Power-Generation-Units-20231026.pdf.coredownload.pdf,,1750778209268,"[{""iso3"":""SGP"",""name"":""Singapore""}]",[],[],[],"[{""topic"":""Power"",""family"":""Performance-based policies"",""name"":""Facility or company emissions standards"",""category"":null}]"
The Environmental Management Act (Air quality standards),<div>The act establishes limits regarding minimum air quality standards for Large Combustion Plants over SOx and CO emissions. </div>,In force,2007,National,International Energy Agency,2007-01-01,,https://www.nemc.or.tz/uploads/publications/sw-1645446559-Air_Quality_Standards_Regulations_2007.pdf,,1750778209581,"[{""iso3"":""TZA"",""name"":""United Republic of Tanzania""}]",[],[],[],"[{""topic"":""Power"",""family"":""Performance-based policies"",""name"":""Facility or company emissions standards"",""category"":null}]"
National Environmental Quality Standards (NEQS),"<div>The National Environmental Quality Standards establishes maximum level emissions for industrial and motor gaseous emissions, including SO2, NOx and CO.</div>",In force,1993,National,International Energy Agency,1993-05-10,,https://epd.punjab.gov.pk/system/files/Revised%20NEQS%202000.pdf,,1750778211532,"[{""iso3"":""PAK"",""name"":""Pakistan""}]",[],[],[],"[{""topic"":""Power"",""family"":""Performance-based policies"",""name"":""Facility or company emissions standards"",""category"":null}]"
Emission standards for pollutants from atmospheric sources,"<div>There are emission standards for pollutants from atmospheric stationary and mobile sources, ranging from the iron and steel to mineral wool to pharmaceutical industry.</div>",In force,1997,National,International Energy Agency,1997-01-01,,https://www.mee.gov.cn/ywgz/fgbz/bz/bzwb/dqhjbh/dqgdwrywrwpfbz/index.shtml,,1750778240080,"[{""iso3"":""CHN"",""name"":""People's Republic of China""}]",[],[],[],"[{""topic"":""Power"",""family"":""Performance-based policies"",""name"":""Facility or company emissions standards"",""category"":null}]"
CONAMA Resolution No. 436 of 12/22/2011 establishing the maximum limits for the emission of atmospheric pollutants for stationary sources,"<div>The resolution sets NOx and SOx maximum limits for stationary sources installed or with an application for an installation license prior to January 2, 2007.</div>",In force,2011,National,International Energy Agency,2011-12-22,,https://www.normasbrasil.com.br/norma/resolucao-436-2011_114141.html,,1750778242836,"[{""iso3"":""BRA"",""name"":""Brazil""}]",[],[],[],"[{""topic"":""Power"",""family"":""Performance-based policies"",""name"":""Facility or company emissions standards"",""category"":null}]"
Protection of the Environment Operations (Clean Air) Regulation 2022,"<div>This Regulation sets standards and limits for burning fuels, by prohibiting the burning of certain articles and requiring approval for certain fires and incinerators.</div>",In force,2022,National,International Energy Agency,2022-12-16,,https://legislation.nsw.gov.au/view/pdf/asmade/sl-2022-811,,1750778244880,"[{""iso3"":""AUS"",""name"":""Australia""}]",[],[],[],"[{""topic"":""Power"",""family"":""Performance-based policies"",""name"":""Facility or company emissions standards"",""category"":null}]"
Standard NOM-085-SEMARNAT-2011 on maximum permissible emission levels from indirect heating combustion equipment,"<div>The standard sets maximum permissible emission levels for thermal power plants on CO, SO2 and NOx emissions. Power plans shall aim to fit these permissible emission levels no later than January 1, 2017.</div>",In force,2017,National,International Energy Agency,2012-01-20,,https://www.dof.gob.mx/normasOficiales/4632/semarnat/semarnat.htm,,1750778244964,"[{""iso3"":""MEX"",""name"":""Mexico""}]",[],[],[],"[{""topic"":""Power"",""family"":""Performance-based policies"",""name"":""Facility or company emissions standards"",""category"":null}]"
Standards for emissions of harmful substances into the atmospheric air and harmful physical impacts on the atmospheric air,"<div>The Federal Law On Environmental Protection includes standards for stationary source of emissions, including SO2 and NOx.</div>",In force,2002,National,International Energy Agency,2002-01-10,,https://www.consultant.ru/document/cons_doc_LAW_34823/8e1fb536fbaf405df92bf1b66e133b2b458e40bb/,,1750778245208,"[{""iso3"":""RUS"",""name"":""Russian Federation""}]",[],[],[],"[{""topic"":""Power"",""family"":""Performance-based policies"",""name"":""Facility or company emissions standards"",""category"":null}]"
Ordinance on Air Pollution Control (OAPC),<div>The Ordinance on Air Pollution Control provides standards and limits for new and existing stationary installations. It was last revised in 2024.</div>,In force,1983,National,International Energy Agency,1983-10-07,,https://www.fedlex.admin.ch/eli/cc/1986/208_208_208/en,,1750778250856,"[{""iso3"":""CHE"",""name"":""Switzerland""}]",[],[],[],"[{""topic"":""Power"",""family"":""Performance-based policies"",""name"":""Facility or company emissions standards"",""category"":null}]"
